s1,s2,a1,sigma_s1,sigma_s2,sigma_a1,fitness,efficiency,processability,uniformity,generation,role,parent1_idx,parent2_idx
0.8873,0.4977,75.4715,0.3637,0.1961,0.2580,0.0000,0.0000,0.0000,0.0000,1,offspring,3,7
0.4134,0.3879,73.1872,0.4871,0.1815,0.7352,0.0000,0.0000,0.0000,0.0000,1,offspring,9,2
0.8906,0.8616,85.8464,0.4251,0.4456,0.4501,0.0000,0.0000,0.0000,0.0000,1,offspring,4,5
0.8031,0.6998,57.0988,0.4219,0.1040,0.2050,0.0000,0.0000,0.0000,0.0000,1,offspring,9,6
0.7248,0.3246,68.5184,0.1578,0.0765,0.3555,0.0000,0.0000,0.0000,0.0000,1,offspring,7,0
0.5434,0.4267,75.1384,0.4321,0.2797,1.3722,0.0000,0.0000,0.0000,0.0000,1,offspring,5,9
0.6235,0.3435,76.0970,0.0443,0.1352,0.0795,0.0000,0.0000,0.0000,0.0000,1,offspring,5,0
0.5336,0.5188,74.1236,0.3777,0.0325,0.5693,0.0000,0.0000,0.0000,0.0000,1,offspring,9,1
0.6646,0.3003,85.8336,0.1568,0.2436,0.1204,0.0000,0.0000,0.0000,0.0000,1,offspring,4,5
0.5391,0.3198,73.4163,0.3477,0.0145,0.4272,0.0000,0.0000,0.0000,0.0000,1,offspring,1,9
0.5548,0.5070,68.7022,0.2361,0.2172,0.0780,0.0000,0.0000,0.0000,0.0000,1,offspring,7,0
0.7958,0.5382,77.5021,0.2709,0.1968,0.2177,0.0000,0.0000,0.0000,0.0000,1,offspring,8,2
0.6733,0.5345,76.2104,0.1961,0.1736,0.1954,0.0000,0.0000,0.0000,0.0000,1,offspring,0,5
0.5722,0.3794,76.5225,0.2274,0.2545,0.1001,0.0000,0.0000,0.0000,0.0000,1,offspring,2,0
0.6019,0.5440,77.5801,0.3655,0.2072,0.1103,0.0000,0.0000,0.0000,0.0000,1,offspring,2,8
0.7658,0.3149,85.6945,0.5771,0.3067,0.1678,0.0000,0.0000,0.0000,0.0000,1,offspring,7,5
0.4746,0.4239,84.0716,0.5080,0.1621,0.4011,0.0000,0.0000,0.0000,0.0000,1,offspring,2,3
0.7848,0.4874,57.3914,0.1228,0.1355,0.1274,0.0000,0.0000,0.0000,0.0000,1,offspring,8,9
0.4932,0.4297,83.8524,0.2506,0.1024,0.2106,0.0000,0.0000,0.0000,0.0000,1,offspring,3,2
0.9000,0.5334,93.0191,0.6382,0.0425,0.3411,0.0000,0.0000,0.0000,0.0000,1,offspring,2,1
0.9000,0.3000,75.7298,0.4669,1.5445,0.8288,0.0000,0.0000,0.0000,0.0000,1,offspring,4,3
0.9000,0.3000,85.9434,1.2750,1.0220,0.1215,0.0000,0.0000,0.0000,0.0000,1,offspring,4,2
0.4755,0.4511,77.1479,0.8005,0.2425,0.4471,0.0000,0.0000,0.0000,0.0000,1,offspring,6,2
0.7218,0.4653,92.8212,0.1600,0.0677,0.3029,0.0000,0.0000,0.0000,0.0000,1,offspring,1,5
0.6838,0.5451,73.0469,0.2878,0.0214,0.3165,0.0000,0.0000,0.0000,0.0000,1,offspring,1,9
0.5713,0.5115,83.0779,0.1763,0.1465,0.2093,0.0000,0.0000,0.0000,0.0000,1,offspring,1,3
0.4924,0.3000,75.6774,0.8311,0.1598,0.1466,0.0000,0.0000,0.0000,0.0000,1,offspring,3,7
0.8795,0.3247,60.1374,0.4915,0.4320,0.2312,0.0000,0.0000,0.0000,0.0000,1,offspring,8,0
0.5989,0.5013,93.8780,0.4227,0.1269,0.1048,0.0000,0.0000,0.0000,0.0000,1,offspring,5,2
0.5802,0.3931,69.4100,0.4263,0.0848,0.1431,0.0000,0.0000,0.0000,0.0000,1,offspring,6,7
0.6609,0.3000,76.8949,0.7712,0.9849,0.9778,0.0000,0.0000,0.0000,0.0000,1,offspring,8,2
0.7503,0.5501,65.9620,0.0582,0.1520,0.1413,0.0000,0.0000,0.0000,0.0000,1,offspring,4,9
0.8219,0.3158,68.4551,0.3683,0.5172,0.2151,0.0000,0.0000,0.0000,0.0000,1,offspring,7,0
0.5902,0.4743,73.7974,0.0749,0.0234,0.1123,0.0000,0.0000,0.0000,0.0000,1,offspring,9,2
0.6271,0.3411,60.9659,0.2530,0.2923,0.0966,0.0000,0.0000,0.0000,0.0000,1,offspring,6,8
0.8210,0.4363,76.1794,0.1174,0.3114,0.3159,0.0000,0.0000,0.0000,0.0000,1,offspring,6,1
0.8153,0.4817,65.9185,0.1975,0.0695,0.1348,0.0000,0.0000,0.0000,0.0000,1,offspring,9,4
0.6808,0.4331,93.8104,0.1379,0.0750,0.0774,0.0000,0.0000,0.0000,0.0000,1,offspring,5,2
0.6979,0.3992,56.0733,0.3501,0.1658,0.5106,0.0000,0.0000,0.0000,0.0000,1,offspring,6,9
0.5415,0.5180,76.6918,0.5583,0.5630,0.2797,0.0000,0.0000,0.0000,0.0000,1,offspring,2,0
0.7974,0.3761,69.5396,0.2025,0.5426,0.1346,0.0000,0.0000,0.0000,0.0000,1,offspring,7,6
0.6630,0.4892,76.6001,0.2864,0.1824,0.1247,0.0000,0.0000,0.0000,0.0000,1,offspring,2,0
0.5905,0.4536,55.4188,0.1643,0.2613,0.5976,0.0000,0.0000,0.0000,0.0000,1,offspring,0,9
0.8531,0.5341,73.1041,0.1601,0.0067,0.2765,0.0000,0.0000,0.0000,0.0000,1,offspring,9,1
0.8846,0.3049,55.8332,0.1107,0.2276,0.2649,0.0000,0.0000,0.0000,0.0000,1,offspring,9,0
0.6691,0.3262,56.3057,0.5897,0.0598,0.2580,0.0000,0.0000,0.0000,0.0000,1,offspring,0,9
0.6807,0.4262,85.6983,0.0843,0.0429,0.0577,0.0000,0.0000,0.0000,0.0000,1,offspring,7,5
0.8501,0.5775,57.0903,0.1160,0.1370,0.1539,0.0000,0.0000,0.0000,0.0000,1,offspring,9,8
0.5979,0.5562,93.5738,0.1684,0.1586,0.1899,0.0000,0.0000,0.0000,0.0000,1,offspring,2,5
0.8071,0.3804,75.6425,0.0826,0.2238,0.1514,0.0000,0.0000,0.0000,0.0000,1,offspring,3,4
0.5983,0.3000,84.9846,0.6483,0.4551,0.4517,0.0000,0.0000,0.0000,0.0000,1,offspring,4,1
0.8804,0.3422,70.0041,0.9135,0.2522,0.8296,0.0000,0.0000,0.0000,0.0000,1,offspring,6,7
0.8134,0.5101,85.7660,0.2565,0.1188,0.3403,0.0000,0.0000,0.0000,0.0000,1,offspring,7,5
0.5755,0.4327,93.3407,0.1735,0.0470,0.1858,0.0000,0.0000,0.0000,0.0000,1,offspring,1,5
0.8959,0.5910,76.7104,0.3876,0.4395,0.1383,0.0000,0.0000,0.0000,0.0000,1,offspring,0,2
0.5948,0.3377,77.6157,0.3070,0.2267,0.2580,0.0000,0.0000,0.0000,0.0000,1,offspring,8,2
0.8962,0.5843,76.4723,0.1801,0.0693,0.1746,0.0000,0.0000,0.0000,0.0000,1,offspring,8,1
0.7678,0.5189,77.9732,0.2669,0.3412,0.2776,0.0000,0.0000,0.0000,0.0000,1,offspring,7,4
0.7928,0.7250,68.5450,0.1101,0.5701,0.1078,0.0000,0.0000,0.0000,0.0000,1,offspring,0,4
0.6916,0.4500,83.1495,0.2970,0.1613,0.1981,0.0000,0.0000,0.0000,0.0000,1,offspring,1,3
0.7485,0.3000,77.4977,0.7669,0.2848,0.8376,0.0000,0.0000,0.0000,0.0000,1,offspring,6,1
0.4735,0.3000,68.6053,0.3882,0.0773,0.0582,0.0000,0.0000,0.0000,0.0000,1,offspring,0,7
0.8342,0.6174,76.1783,0.2254,0.1656,0.1006,0.0000,0.0000,0.0000,0.0000,1,offspring,5,0
0.7917,0.4024,60.8562,0.4057,0.5319,0.5217,0.0000,0.0000,0.0000,0.0000,1,offspring,0,8
0.4346,0.3132,86.4163,0.4587,0.2548,0.1126,0.0000,0.0000,0.0000,0.0000,1,offspring,7,2
0.5380,0.3989,68.6962,0.3686,0.1409,0.1861,0.0000,0.0000,0.0000,0.0000,1,offspring,7,0
0.6505,0.5588,93.5154,0.1857,0.0662,0.1455,0.0000,0.0000,0.0000,0.0000,1,offspring,1,2
0.4160,0.3288,93.0584,0.4526,0.2697,0.2723,0.0000,0.0000,0.0000,0.0000,1,offspring,1,2
0.6620,0.5776,72.9526,0.2271,0.0244,0.0526,0.0000,0.0000,0.0000,0.0000,1,offspring,9,1
0.7896,0.5631,85.2670,0.4754,0.3014,0.2650,0.0000,0.0000,0.0000,0.0000,1,offspring,4,1
0.7896,0.5631,85.2670,0.4754,0.3014,0.2650,0.0000,0.0000,0.0000,0.0000,1,parent,-1,-1
0.6620,0.5776,72.9526,0.2271,0.0244,0.0526,0.0000,0.0000,0.0000,0.0000,1,parent,-1,-1
0.4160,0.3288,93.0584,0.4526,0.2697,0.2723,0.0000,0.0000,0.0000,0.0000,1,parent,-1,-1
0.6505,0.5588,93.5154,0.1857,0.0662,0.1455,0.0000,0.0000,0.0000,0.0000,1,parent,-1,-1
0.5380,0.3989,68.6962,0.3686,0.1409,0.1861,0.0000,0.0000,0.0000,0.0000,1,parent,-1,-1
0.4346,0.3132,86.4163,0.4587,0.2548,0.1126,0.0000,0.0000,0.0000,0.0000,1,parent,-1,-1
0.7917,0.4024,60.8562,0.4057,0.5319,0.5217,0.0000,0.0000,0.0000,0.0000,1,parent,-1,-1
0.8342,0.6174,76.1783,0.2254,0.1656,0.1006,0.0000,0.0000,0.0000,0.0000,1,parent,-1,-1
0.4735,0.3000,68.6053,0.3882,0.0773,0.0582,0.0000,0.0000,0.0000,0.0000,1,parent,-1,-1
0.7485,0.3000,77.4977,0.7669,0.2848,0.8376,0.0000,0.0000,0.0000,0.0000,1,parent,-1,-1
